{
    "nature": [
        5.662309169769287,
        5.67307710647583,
        4.040769100189209,
        5.272115230560303,
        4.7490386962890625,
        5.11057710647583,
        0.0,
        0.0,
        0.0
    ],
    "social": [
        4.119298934936523,
        5.629385948181152,
        3.5192975997924805,
        0.0,
        0.0,
        0.0,
        4.267543792724609,
        6.390350818634033,
        7.927631378173828
    ]
}